building_id,timestamp,occupancy_count,capacity
B001,2026-09-01T00:00:00,73,500
B002,2026-09-01T00:00:00,78,400
B003,2026-09-01T00:00:00,9,300
B004,2026-09-01T00:00:00,26,200
B005,2026-09-01T00:00:00,40,600
B001,2026-09-01T06:00:00,38,500
B002,2026-09-01T06:00:00,28,400
B003,2026-09-01T06:00:00,17,300
B004,2026-09-01T06:00:00,20,200
B005,2026-09-01T06:00:00,35,600
B001,2026-09-01T12:00:00,474,500
B002,2026-09-01T12:00:00,373,400
B003,2026-09-01T12:00:00,277,300
B004,2026-09-01T12:00:00,178,200
B005,2026-09-01T12:00:00,544,600
B001,2026-09-01T18:00:00,356,500
B002,2026-09-01T18:00:00,279,400
B003,2026-09-01T18:00:00,187,300
B004,2026-09-01T18:00:00,136,200
B005,2026-09-01T18:00:00,427,600
B001,2026-09-02T00:00:00,8,500
B002,2026-09-02T00:00:00,51,400
B003,2026-09-02T00:00:00,20,300
B004,2026-09-02T00:00:00,26,200
B005,2026-09-02T00:00:00,37,600
B001,2026-09-02T06:00:00,5,500
B002,2026-09-02T06:00:00,7,400
B003,2026-09-02T06:00:00,31,300
B004,2026-09-02T06:00:00,23,200
B005,2026-09-02T06:00:00,33,600
B001,2026-09-02T12:00:00,483,500
B002,2026-09-02T12:00:00,341,400
B003,2026-09-02T12:00:00,279,300
B004,2026-09-02T12:00:00,175,200
B005,2026-09-02T12:00:00,541,600
B001,2026-09-02T18:00:00,338,500
B002,2026-09-02T18:00:00,252,400
B003,2026-09-02T18:00:00,196,300
B004,2026-09-02T18:00:00,145,200
B005,2026-09-02T18:00:00,387,600
B001,2026-09-03T00:00:00,71,500
B002,2026-09-03T00:00:00,17,400
B003,2026-09-03T00:00:00,38,300
B004,2026-09-03T00:00:00,34,200
B005,2026-09-03T00:00:00,0,600
B001,2026-09-03T06:00:00,30,500
B002,2026-09-03T06:00:00,52,400
B003,2026-09-03T06:00:00,27,300
B004,2026-09-03T06:00:00,24,200
B005,2026-09-03T06:00:00,42,600
B001,2026-09-03T12:00:00,470,500
B002,2026-09-03T12:00:00,371,400
B003,2026-09-03T12:00:00,298,300
B004,2026-09-03T12:00:00,189,200
B005,2026-09-03T12:00:00,571,600
B001,2026-09-03T18:00:00,326,500
B002,2026-09-03T18:00:00,260,400
B003,2026-09-03T18:00:00,196,300
B004,2026-09-03T18:00:00,139,200
B005,2026-09-03T18:00:00,391,600
B001,2026-09-04T00:00:00,57,500
B002,2026-09-04T00:00:00,82,400
B003,2026-09-04T00:00:00,43,300
B004,2026-09-04T00:00:00,17,200
B005,2026-09-04T00:00:00,96,600
B001,2026-09-04T06:00:00,40,500
B002,2026-09-04T06:00:00,0,400
B003,2026-09-04T06:00:00,15,300
B004,2026-09-04T06:00:00,1,200
B005,2026-09-04T06:00:00,49,600
B001,2026-09-04T12:00:00,468,500
B002,2026-09-04T12:00:00,400,400
B003,2026-09-04T12:00:00,285,300
B004,2026-09-04T12:00:00,185,200
B005,2026-09-04T12:00:00,586,600
B001,2026-09-04T18:00:00,281,500
B002,2026-09-04T18:00:00,274,400
B003,2026-09-04T18:00:00,214,300
B004,2026-09-04T18:00:00,120,200
B005,2026-09-04T18:00:00,438,600
B001,2026-09-05T00:00:00,58,500
B002,2026-09-05T00:00:00,32,400
B003,2026-09-05T00:00:00,39,300
B004,2026-09-05T00:00:00,43,200
B005,2026-09-05T00:00:00,65,600
B001,2026-09-05T06:00:00,56,500
B002,2026-09-05T06:00:00,31,400
B003,2026-09-05T06:00:00,17,300
B004,2026-09-05T06:00:00,28,200
B005,2026-09-05T06:00:00,34,600
B001,2026-09-05T12:00:00,52,500
B002,2026-09-05T12:00:00,30,400
B003,2026-09-05T12:00:00,37,300
B004,2026-09-05T12:00:00,23,200
B005,2026-09-05T12:00:00,91,600
B001,2026-09-05T18:00:00,37,500
B002,2026-09-05T18:00:00,35,400
B003,2026-09-05T18:00:00,15,300
B004,2026-09-05T18:00:00,16,200
B005,2026-09-05T18:00:00,71,600
B001,2026-09-06T00:00:00,69,500
B002,2026-09-06T00:00:00,22,400
B003,2026-09-06T00:00:00,43,300
B004,2026-09-06T00:00:00,34,200
B005,2026-09-06T00:00:00,72,600
B001,2026-09-06T06:00:00,97,500
B002,2026-09-06T06:00:00,25,400
B003,2026-09-06T06:00:00,11,300
B004,2026-09-06T06:00:00,2,200
B005,2026-09-06T06:00:00,105,600
B001,2026-09-06T12:00:00,66,500
B002,2026-09-06T12:00:00,39,400
B003,2026-09-06T12:00:00,34,300
B004,2026-09-06T12:00:00,9,200
B005,2026-09-06T12:00:00,133,600
B001,2026-09-06T18:00:00,53,500
B002,2026-09-06T18:00:00,42,400
B003,2026-09-06T18:00:00,41,300
B004,2026-09-06T18:00:00,25,200
B005,2026-09-06T18:00:00,67,600
B001,2026-09-07T00:00:00,30,500
B002,2026-09-07T00:00:00,49,400
B003,2026-09-07T00:00:00,58,300
B004,2026-09-07T00:00:00,33,200
B005,2026-09-07T00:00:00,108,600
B001,2026-09-07T06:00:00,37,500
B002,2026-09-07T06:00:00,20,400
B003,2026-09-07T06:00:00,28,300
B004,2026-09-07T06:00:00,21,200
B005,2026-09-07T06:00:00,93,600
B001,2026-09-07T12:00:00,425,500
B002,2026-09-07T12:00:00,400,400
B003,2026-09-07T12:00:00,278,300
B004,2026-09-07T12:00:00,183,200
B005,2026-09-07T12:00:00,531,600
B001,2026-09-07T18:00:00,295,500
B002,2026-09-07T18:00:00,286,400
B003,2026-09-07T18:00:00,203,300
B004,2026-09-07T18:00:00,122,200
B005,2026-09-07T18:00:00,365,600
B001,2026-09-08T00:00:00,42,500
B002,2026-09-08T00:00:00,73,400
B003,2026-09-08T00:00:00,26,300
B004,2026-09-08T00:00:00,5,200
B005,2026-09-08T00:00:00,53,600
B001,2026-09-08T06:00:00,43,500
B002,2026-09-08T06:00:00,0,400
B003,2026-09-08T06:00:00,29,300
B004,2026-09-08T06:00:00,18,200
B005,2026-09-08T06:00:00,81,600
B001,2026-09-08T12:00:00,500,500
B002,2026-09-08T12:00:00,396,400
B003,2026-09-08T12:00:00,276,300
B004,2026-09-08T12:00:00,176,200
B005,2026-09-08T12:00:00,600,600
B001,2026-09-08T18:00:00,338,500
B002,2026-09-08T18:00:00,270,400
B003,2026-09-08T18:00:00,202,300
B004,2026-09-08T18:00:00,137,200
B005,2026-09-08T18:00:00,400,600
B001,2026-09-09T00:00:00,36,500
B002,2026-09-09T00:00:00,29,400
B003,2026-09-09T00:00:00,30,300
B004,2026-09-09T00:00:00,15,200
B005,2026-09-09T00:00:00,39,600
B001,2026-09-09T06:00:00,53,500
B002,2026-09-09T06:00:00,35,400
B003,2026-09-09T06:00:00,53,300
B004,2026-09-09T06:00:00,0,200
B005,2026-09-09T06:00:00,93,600
B001,2026-09-09T12:00:00,499,500
B002,2026-09-09T12:00:00,332,400
B003,2026-09-09T12:00:00,275,300
B004,2026-09-09T12:00:00,183,200
B005,2026-09-09T12:00:00,519,600
B001,2026-09-09T18:00:00,317,500
B002,2026-09-09T18:00:00,247,400
B003,2026-09-09T18:00:00,228,300
B004,2026-09-09T18:00:00,144,200
B005,2026-09-09T18:00:00,442,600
B001,2026-09-10T00:00:00,68,500
B002,2026-09-10T00:00:00,17,400
B003,2026-09-10T00:00:00,22,300
B004,2026-09-10T00:00:00,25,200
B005,2026-09-10T00:00:00,23,600
B001,2026-09-10T06:00:00,68,500
B002,2026-09-10T06:00:00,35,400
B003,2026-09-10T06:00:00,24,300
B004,2026-09-10T06:00:00,27,200
B005,2026-09-10T06:00:00,73,600
B001,2026-09-10T12:00:00,458,500
B002,2026-09-10T12:00:00,397,400
B003,2026-09-10T12:00:00,264,300
B004,2026-09-10T12:00:00,193,200
B005,2026-09-10T12:00:00,579,600
B001,2026-09-10T18:00:00,329,500
B002,2026-09-10T18:00:00,276,400
B003,2026-09-10T18:00:00,183,300
B004,2026-09-10T18:00:00,144,200
B005,2026-09-10T18:00:00,399,600
B001,2026-09-11T00:00:00,37,500
B002,2026-09-11T00:00:00,61,400
B003,2026-09-11T00:00:00,19,300
B004,2026-09-11T00:00:00,6,200
B005,2026-09-11T00:00:00,13,600
B001,2026-09-11T06:00:00,65,500
B002,2026-09-11T06:00:00,14,400
B003,2026-09-11T06:00:00,56,300
B004,2026-09-11T06:00:00,0,200
B005,2026-09-11T06:00:00,111,600
B001,2026-09-11T12:00:00,473,500
B002,2026-09-11T12:00:00,372,400
B003,2026-09-11T12:00:00,272,300
B004,2026-09-11T12:00:00,191,200
B005,2026-09-11T12:00:00,560,600
B001,2026-09-11T18:00:00,364,500
B002,2026-09-11T18:00:00,272,400
B003,2026-09-11T18:00:00,204,300
B004,2026-09-11T18:00:00,131,200
B005,2026-09-11T18:00:00,402,600
B001,2026-09-12T00:00:00,58,500
B002,2026-09-12T00:00:00,6,400
B003,2026-09-12T00:00:00,10,300
B004,2026-09-12T00:00:00,27,200
B005,2026-09-12T00:00:00,65,600
B001,2026-09-12T06:00:00,45,500
B002,2026-09-12T06:00:00,40,400
B003,2026-09-12T06:00:00,35,300
B004,2026-09-12T06:00:00,15,200
B005,2026-09-12T06:00:00,37,600
B001,2026-09-12T12:00:00,55,500
B002,2026-09-12T12:00:00,20,400
B003,2026-09-12T12:00:00,36,300
B004,2026-09-12T12:00:00,3,200
B005,2026-09-12T12:00:00,91,600
B001,2026-09-12T18:00:00,62,500
B002,2026-09-12T18:00:00,45,400
B003,2026-09-12T18:00:00,45,300
B004,2026-09-12T18:00:00,37,200
B005,2026-09-12T18:00:00,90,600
B001,2026-09-13T00:00:00,4,500
B002,2026-09-13T00:00:00,14,400
B003,2026-09-13T00:00:00,21,300
B004,2026-09-13T00:00:00,20,200
B005,2026-09-13T00:00:00,76,600
B001,2026-09-13T06:00:00,32,500
B002,2026-09-13T06:00:00,44,400
B003,2026-09-13T06:00:00,19,300
B004,2026-09-13T06:00:00,14,200
B005,2026-09-13T06:00:00,18,600
