timestamp,total_slots,occupied_slots
2026-09-01T00:00:00,500,61
2026-09-01T03:00:00,500,55
2026-09-01T06:00:00,500,60
2026-09-01T09:00:00,500,444
2026-09-01T12:00:00,500,453
2026-09-01T15:00:00,500,498
2026-09-01T18:00:00,500,82
2026-09-01T21:00:00,500,78
2026-09-02T00:00:00,500,62
2026-09-02T03:00:00,500,86
2026-09-02T06:00:00,500,66
2026-09-02T09:00:00,500,430
2026-09-02T12:00:00,500,500
2026-09-02T15:00:00,500,457
2026-09-02T18:00:00,500,92
2026-09-02T21:00:00,500,64
2026-09-03T00:00:00,500,74
2026-09-03T03:00:00,500,102
2026-09-03T06:00:00,500,66
2026-09-03T09:00:00,500,456
2026-09-03T12:00:00,500,478
2026-09-03T15:00:00,500,450
2026-09-03T18:00:00,500,84
2026-09-03T21:00:00,500,90
2026-09-04T00:00:00,500,84
2026-09-04T03:00:00,500,51
2026-09-04T06:00:00,500,64
2026-09-04T09:00:00,500,425
2026-09-04T12:00:00,500,466
2026-09-04T15:00:00,500,468
2026-09-04T18:00:00,500,78
2026-09-04T21:00:00,500,55
2026-09-05T00:00:00,500,81
2026-09-05T03:00:00,500,84
2026-09-05T06:00:00,500,83
2026-09-05T09:00:00,500,91
2026-09-05T12:00:00,500,88
2026-09-05T15:00:00,500,82
2026-09-05T18:00:00,500,74
2026-09-05T21:00:00,500,50
2026-09-06T00:00:00,500,81
2026-09-06T03:00:00,500,78
2026-09-06T06:00:00,500,79
2026-09-06T09:00:00,500,56
2026-09-06T12:00:00,500,59
2026-09-06T15:00:00,500,91
2026-09-06T18:00:00,500,74
2026-09-06T21:00:00,500,85
2026-09-07T00:00:00,500,75
2026-09-07T03:00:00,500,75
2026-09-07T06:00:00,500,89
2026-09-07T09:00:00,500,421
2026-09-07T12:00:00,500,469
2026-09-07T15:00:00,500,452
2026-09-07T18:00:00,500,68
2026-09-07T21:00:00,500,70
2026-09-08T00:00:00,500,78
2026-09-08T03:00:00,500,68
2026-09-08T06:00:00,500,94
2026-09-08T09:00:00,500,415
2026-09-08T12:00:00,500,464
2026-09-08T15:00:00,500,452
2026-09-08T18:00:00,500,97
2026-09-08T21:00:00,500,78
2026-09-09T00:00:00,500,90
2026-09-09T03:00:00,500,53
2026-09-09T06:00:00,500,79
2026-09-09T09:00:00,500,442
2026-09-09T12:00:00,500,468
2026-09-09T15:00:00,500,475
2026-09-09T18:00:00,500,67
2026-09-09T21:00:00,500,96
2026-09-10T00:00:00,500,109
2026-09-10T03:00:00,500,70
2026-09-10T06:00:00,500,68
2026-09-10T09:00:00,500,450
2026-09-10T12:00:00,500,491
2026-09-10T15:00:00,500,451
2026-09-10T18:00:00,500,69
2026-09-10T21:00:00,500,71
2026-09-11T00:00:00,500,55
2026-09-11T03:00:00,500,61
2026-09-11T06:00:00,500,60
2026-09-11T09:00:00,500,417
2026-09-11T12:00:00,500,467
2026-09-11T15:00:00,500,462
2026-09-11T18:00:00,500,98
2026-09-11T21:00:00,500,60
2026-09-12T00:00:00,500,90
2026-09-12T03:00:00,500,72
2026-09-12T06:00:00,500,74
2026-09-12T09:00:00,500,85
2026-09-12T12:00:00,500,58
2026-09-12T15:00:00,500,81
2026-09-12T18:00:00,500,77
2026-09-12T21:00:00,500,82
2026-09-13T00:00:00,500,79
2026-09-13T03:00:00,500,112
2026-09-13T06:00:00,500,65
2026-09-13T09:00:00,500,67
