building_id,timestamp,value,unit
B001,2026-09-01T00:00:00,69.5,kWh
B002,2026-09-01T01:00:00,55.51,kWh
B003,2026-09-01T02:00:00,81.49,kWh
B004,2026-09-01T03:00:00,65.94,kWh
B005,2026-09-01T04:00:00,51.58,kWh
B001,2026-09-01T05:00:00,66.2,kWh
B002,2026-09-01T06:00:00,74.01,kWh
B003,2026-09-01T07:00:00,59.87,kWh
B004,2026-09-01T08:00:00,219.3,kWh
B005,2026-09-01T09:00:00,241.81,kWh
B001,2026-09-01T10:00:00,215.16,kWh
B002,2026-09-01T11:00:00,219.19,kWh
B003,2026-09-01T12:00:00,212.21,kWh
B004,2026-09-01T13:00:00,210.5,kWh
B005,2026-09-01T14:00:00,210.86,kWh
B001,2026-09-01T15:00:00,222.61,kWh
B002,2026-09-01T16:00:00,220.54,kWh
B003,2026-09-01T17:00:00,229.32,kWh
B004,2026-09-01T18:00:00,225.45,kWh
B005,2026-09-01T19:00:00,75.13,kWh
B001,2026-09-01T20:00:00,48.87,kWh
B002,2026-09-01T21:00:00,76.1,kWh
B003,2026-09-01T22:00:00,71.26,kWh
B004,2026-09-01T23:00:00,62.01,kWh
B005,2026-09-02T00:00:00,71.92,kWh
B001,2026-09-02T01:00:00,61.1,kWh
B002,2026-09-02T02:00:00,62.04,kWh
B003,2026-09-02T03:00:00,63.44,kWh
B004,2026-09-02T04:00:00,84.72,kWh
B005,2026-09-02T05:00:00,80.6,kWh
B001,2026-09-02T06:00:00,82.17,kWh
B002,2026-09-02T07:00:00,75.43,kWh
B003,2026-09-02T08:00:00,216.14,kWh
B004,2026-09-02T09:00:00,211.95,kWh
B005,2026-09-02T10:00:00,208.76,kWh
B001,2026-09-02T11:00:00,223.45,kWh
B002,2026-09-02T12:00:00,213.26,kWh
B003,2026-09-02T13:00:00,221.96,kWh
B004,2026-09-02T14:00:00,214.96,kWh
B005,2026-09-02T15:00:00,222.11,kWh
B001,2026-09-02T16:00:00,223.81,kWh
B002,2026-09-02T17:00:00,213.95,kWh
B003,2026-09-02T18:00:00,205.8,kWh
B004,2026-09-02T19:00:00,68.68,kWh
B005,2026-09-02T20:00:00,75.19,kWh
B001,2026-09-02T21:00:00,85.88,kWh
B002,2026-09-02T22:00:00,95.84,kWh
B003,2026-09-02T23:00:00,76.08,kWh
B004,2026-09-03T00:00:00,84.13,kWh
B005,2026-09-03T01:00:00,72.6,kWh
B001,2026-09-03T02:00:00,88.38,kWh
B002,2026-09-03T03:00:00,71.95,kWh
B003,2026-09-03T04:00:00,65.31,kWh
B004,2026-09-03T05:00:00,70.12,kWh
B005,2026-09-03T06:00:00,76.1,kWh
B001,2026-09-03T07:00:00,76.49,kWh
B002,2026-09-03T08:00:00,207.09,kWh
B003,2026-09-03T09:00:00,210.72,kWh
B004,2026-09-03T10:00:00,205.12,kWh
B005,2026-09-03T11:00:00,214.89,kWh
B001,2026-09-03T12:00:00,216.12,kWh
B002,2026-09-03T13:00:00,217.42,kWh
B003,2026-09-03T14:00:00,205.78,kWh
B004,2026-09-03T15:00:00,211.88,kWh
B005,2026-09-03T16:00:00,237.29,kWh
B001,2026-09-03T17:00:00,222.34,kWh
B002,2026-09-03T18:00:00,217.97,kWh
B003,2026-09-03T19:00:00,73.77,kWh
B004,2026-09-03T20:00:00,80.89,kWh
B005,2026-09-03T21:00:00,68.54,kWh
B001,2026-09-03T22:00:00,93.28,kWh
B002,2026-09-03T23:00:00,83.15,kWh
B003,2026-09-04T00:00:00,63.72,kWh
B004,2026-09-04T01:00:00,78.54,kWh
B005,2026-09-04T02:00:00,78.24,kWh
B001,2026-09-04T03:00:00,72.83,kWh
B002,2026-09-04T04:00:00,72.4,kWh
B003,2026-09-04T05:00:00,91.62,kWh
B004,2026-09-04T06:00:00,62.42,kWh
B005,2026-09-04T07:00:00,77.3,kWh
B001,2026-09-04T08:00:00,220.89,kWh
B002,2026-09-04T09:00:00,216.94,kWh
B003,2026-09-04T10:00:00,214.69,kWh
B004,2026-09-04T11:00:00,217.54,kWh
B005,2026-09-04T12:00:00,202.06,kWh
B001,2026-09-04T13:00:00,216.83,kWh
B002,2026-09-04T14:00:00,215.38,kWh
B003,2026-09-04T15:00:00,215.99,kWh
B004,2026-09-04T16:00:00,225.58,kWh
B005,2026-09-04T17:00:00,218.32,kWh
B001,2026-09-04T18:00:00,204.88,kWh
B002,2026-09-04T19:00:00,66.4,kWh
B003,2026-09-04T20:00:00,72.58,kWh
B004,2026-09-04T21:00:00,83.42,kWh
B005,2026-09-04T22:00:00,84.5,kWh
B001,2026-09-04T23:00:00,70.89,kWh
B002,2026-09-05T00:00:00,58.29,kWh
B003,2026-09-05T01:00:00,77.62,kWh
B004,2026-09-05T02:00:00,53.28,kWh
B005,2026-09-05T03:00:00,51.38,kWh
B001,2026-09-05T04:00:00,70.18,kWh
B002,2026-09-05T05:00:00,55.62,kWh
B003,2026-09-05T06:00:00,54.32,kWh
B004,2026-09-05T07:00:00,51.85,kWh
B005,2026-09-05T08:00:00,56.22,kWh
B001,2026-09-05T09:00:00,62.67,kWh
B002,2026-09-05T10:00:00,87.19,kWh
B003,2026-09-05T11:00:00,56.19,kWh
B004,2026-09-05T12:00:00,62.74,kWh
B005,2026-09-05T13:00:00,58.41,kWh
B001,2026-09-05T14:00:00,61.01,kWh
B002,2026-09-05T15:00:00,69.26,kWh
B003,2026-09-05T16:00:00,68.37,kWh
B004,2026-09-05T17:00:00,45.21,kWh
B005,2026-09-05T18:00:00,67.93,kWh
B001,2026-09-05T19:00:00,51.67,kWh
B002,2026-09-05T20:00:00,33.47,kWh
B003,2026-09-05T21:00:00,65.35,kWh
B004,2026-09-05T22:00:00,54.51,kWh
B005,2026-09-05T23:00:00,60.81,kWh
B001,2026-09-06T00:00:00,71.27,kWh
B002,2026-09-06T01:00:00,63.19,kWh
B003,2026-09-06T02:00:00,57.68,kWh
B004,2026-09-06T03:00:00,70.2,kWh
B005,2026-09-06T04:00:00,64.76,kWh
B001,2026-09-06T05:00:00,56.33,kWh
B002,2026-09-06T06:00:00,60.18,kWh
B003,2026-09-06T07:00:00,79.74,kWh
B004,2026-09-06T08:00:00,78.33,kWh
B005,2026-09-06T09:00:00,65.94,kWh
B001,2026-09-06T10:00:00,50.49,kWh
B002,2026-09-06T11:00:00,50.43,kWh
B003,2026-09-06T12:00:00,40.67,kWh
B004,2026-09-06T13:00:00,57.56,kWh
B005,2026-09-06T14:00:00,53.02,kWh
B001,2026-09-06T15:00:00,61.11,kWh
B002,2026-09-06T16:00:00,60.14,kWh
B003,2026-09-06T17:00:00,70.99,kWh
B004,2026-09-06T18:00:00,77.6,kWh
B005,2026-09-06T19:00:00,61.98,kWh
B001,2026-09-06T20:00:00,62.29,kWh
B002,2026-09-06T21:00:00,66.58,kWh
B003,2026-09-06T22:00:00,56.3,kWh
B004,2026-09-06T23:00:00,70.96,kWh
B005,2026-09-07T00:00:00,73.18,kWh
B001,2026-09-07T01:00:00,72.42,kWh
B002,2026-09-07T02:00:00,75.86,kWh
B003,2026-09-07T03:00:00,84.78,kWh
B004,2026-09-07T04:00:00,74.09,kWh
B005,2026-09-07T05:00:00,74.45,kWh
B001,2026-09-07T06:00:00,77.77,kWh
B002,2026-09-07T07:00:00,84.06,kWh
B003,2026-09-07T08:00:00,225.94,kWh
B004,2026-09-07T09:00:00,209.03,kWh
B005,2026-09-07T10:00:00,203.18,kWh
B001,2026-09-07T11:00:00,209.19,kWh
B002,2026-09-07T12:00:00,194.94,kWh
B003,2026-09-07T13:00:00,213.85,kWh
B004,2026-09-07T14:00:00,213.78,kWh
B005,2026-09-07T15:00:00,239.67,kWh
B001,2026-09-07T16:00:00,208.4,kWh
B002,2026-09-07T17:00:00,216.67,kWh
B003,2026-09-07T18:00:00,215.03,kWh
B004,2026-09-07T19:00:00,62.0,kWh
B005,2026-09-07T20:00:00,70.88,kWh
B001,2026-09-07T21:00:00,57.07,kWh
B002,2026-09-07T22:00:00,79.69,kWh
B003,2026-09-07T23:00:00,78.42,kWh
